{"cameraMode":{"drawMode":0,"name":"Shaded","section":"Shading Mode"},"sceneLighting":true,"audioPlay":false,"sceneViewState":{"showFog":true,"showMaterialUpdate":false,"showSkybox":true,"showFlares":true,"showImageEffects":true,"showParticleSystems":true},"in2DMode":false,"pivot":{"x":-6.181371688842773,"y":3.7100000381469728,"z":-1.559999942779541},"rotation":{"x":0.06426133960485459,"y":-0.8805258274078369,"z":0.12498277425765991,"w":0.45271554589271548},"size":0.8660253882408142,"orthographic":false}